<?xml version="1.0" encoding="UTF-8" standalone="yes"?>
<addon id="repository.stv" name="Suicide Tv Repo" version="0.0.1" provider-name="STV">
	<extension point="xbmc.addon.repository" name="Suicide Tv Repo">
		<dir>
			<info compressed="false">https://raw.githubusercontent.com/totalrevolution/python-koding/master/zips/addons.xml</info>
			<checksum>https://raw.githubusercontent.com/totalrevolution/python-koding/master/zips/addons.xml.md5</checksum>
			<datadir zip="true">https://raw.githubusercontent.com/totalrevolution/python-koding/master/zips/</datadir>
		</dir>
		<info compressed="false">https://raw.githubusercontent.com/DJBIGANT/repository.stv/master/zips/addons.xml</info>
		<checksum>https://raw.githubusercontent.com/DJBIGANT/repository.stv/master/zips/addons.xml.md5</checksum>
		<datadir zip="true">https://raw.githubusercontent.com/DJBIGANT/repository.stv/master/zips/</datadir>
	</extension>
	<extension point="xbmc.addon.metadata">
		<summary lang="en">Enjoy Live TV And Movies</summary>
		<description lang="en">We Are Providing You With The Best Of The Best</description>
		<genre>kids,livetv,movies,sports,tvshows,canadian,uk,usa</genre>
	</extension>
</addon>